StudySession,LogKBI,LogPUB,GMM_Threshold_LogIKI,gmm_iki_auto,gmm_iki_cons,Quantile_iki
ACS08-P03_T1,5.123963979403259,5.5053315359323625,6.938764107071011,0.009738059383297977,6.138073289975075,5.484796933490655
ACS08-P08_T1,5.087596335232384,5.247024072160486,5.65059084847274,5.418477148317336,6.503250484981568,5.488937726156687
ACS08-P10_T1,4.976733742420574,5.407171771460119,5.440663482558021,4.980447513019828,6.148625870124537,5.41610040220442
ACS08-P07_T3,4.990432586778736,5.497168225293202,5.26951056592889,5.46288189017894,6.831987310506207,5.5353618778730285
ACS08-P14_T3,5.159055299214529,6.073044534100405,5.631014944804823,5.267437678128145,6.420639125195664,5.87493073085203
ACS08-P04_T4,4.912654885736052,5.488937726156687,5.238672970464675,4.911201653976145,5.887424897059691,5.393627546352362
ACS08-P16_T3,5.030437921392435,5.799092654460526,5.700339882326183,5.397358237754326,6.329887785092549,5.6131281063880705
ACS08-P09_T3,5.081404364984463,6.338594078203183,5.5524672754048865,5.333368221338832,6.464944785150897,5.647207446355433
ACS08-P01_T4,4.890349128221754,5.25227342804663,5.355124544186207,3.7451025754757676,5.603126164351581,5.429345628954441
ACS08-P17_T2,5.017279836814924,5.480638923341991,5.484919194648644,5.039693328062012,5.954138924395728,5.583496308781699
ACS08-P13_T1,4.77912349311153,5.267858159063328,5.31352696981968,4.646479858815337,5.676911820236477,5.209486152841421
ACS08-P09_T4,5.056245805348308,5.986452005284438,5.426882248983139,5.420220809973374,5.879557897553472,5.5134287461649825
ACS08-P01_T3,4.919980925828125,5.241747015059643,5.21802366774774,5.119165249027273,5.560647423657885,5.488937726156687
ACS08-P13_T2,4.736198448394496,5.0106352940962555,5.162810322289842,4.7883394314088426,5.597437612059387,5.096696076670503
ACS08-P15_T1,5.081404364984463,5.517452896464707,5.318457585745858,5.149488128101429,5.673661620063088,5.5787846452762455
ACS08-P17_T1,5.123963979403259,5.7745515455444085,5.7101004552472325,5.160963994431469,6.236982079122985,5.746203190540153
ACS08-P04_T3,4.9344739331306915,5.44673737166631,5.298425270760118,5.418476642139434,6.837571634351896,5.454236791430677
ACS08-P07_T4,4.976733742420574,5.3981627015177525,5.373803122631175,4.810459422610535,5.4759931577821295,5.439163909322845
ACS08-P03_T2,5.170483995038151,5.332718793265369,7.148815911696933,5.114146954741764,6.510494296482763,5.510398439012229
ACS08-P06_T3,4.859812404361672,5.627621113690637,6.06889848878824,2.982707966530252,5.774154460404018,5.3913496380844315
ACS08-P16_T4,4.969813299576001,5.627621113690637,0.0070027897984871225,5.32914787778048,6.119615788516665,5.4638318050256105
ACS08-P15_T2,5.075173815233827,5.44673737166631,5.4421096231955035,5.243117530133175,5.596484586273579,5.484796933490655
ACS08-P12_T4,4.890349128221754,5.472270673671475,5.19655056409752,4.895841312134715,5.4314794709881555,5.5254529391317835
ACS08-P12_T3,4.8283137373023015,5.493061443340548,5.524249335650916,4.774418639312216,5.4349388706472155,5.4680601411351315
ACS08-P05_T4,5.0238805208462765,5.497168225293202,5.579976224456539,5.16499373469409,5.698522426030897,5.569296885865263
ACS08-P08_T2,5.056245805348308,5.087596335232384,5.419929289205204,5.3115797331997,5.884760380467162,5.367141518298304
ACS08-P02_T4,5.0106352940962555,6.018593214496234,5.630110719182623,2.913601647929153,5.750411598141817,5.6149462962203405
ACS08-P10_T2,4.962844630259907,5.231108616854587,5.409467510679671,0.012115842813068134,5.553290154095452,5.3471075307174685
ACS08-P06_T4,4.875197323201151,5.4510384535657,5.464167772460589,5.406319438027831,6.04869063990798,5.342334251964811
ACS08-P11_T2,4.844187086458591,5.170483995038151,5.02475996167917,4.874379006121982,5.484525656445675,5.313205979041787
AR22-P12_T6,5.6937321388027,5.7430031878094825,5.968484208225469,5.557032577562469,6.63079281069387,6.115892125483034
AR22-P12_T5,5.641907070938114,5.793013608384144,5.933695537054796,5.556766704040029,6.282822227613863,6.148468295917647
AR22-P16_T1,4.948759890378168,6.150602768446279,5.477707578930294,4.873304269829777,6.139247592193731,6.486160788944089
AR22-P06_T6,5.793013608384144,6.907755278982137,6.487769925853423,5.986452988582167,6.945578516949693,6.498209564733619
AR22-P19_T2,5.8377304471659395,6.115892125483034,6.348388107405189,0.012062167589557011,6.470781205583323,6.437751649736401
AR22-P03_T5,6.118097198041348,6.274762021241939,6.535751220419273,4.932365903861461,6.94596289530769,6.620073206530356
AR22-P06_T5,5.7430031878094825,6.5998704992128365,6.383723193337963,6.05228848038093,6.795472576621064,6.437751649736401
AR22-P03_T6,6.008813185442595,6.359573868672378,6.458327804007338,6.063149285014678,6.966746534089882,6.641182169740591
AR22-P19_T1,5.886104031450156,6.386879319362645,6.535678703737878,5.696889598360866,6.772796675219773,6.555356891810665
AR22-P10_T1,5.8377304471659395,5.840641657373398,6.509999416471304,5.866133165847911,7.102441448181983,6.5337888379333435
AR22-P08_T3,5.318119993844216,5.746203190540153,5.773734526125296,5.533473269027794,6.089585586235062,5.886104031450156
AR22-P04_T2,5.579729825986222,5.6937321388027,5.8706218826341825,5.551097667033733,6.4023914144733425,6.133282746979498
AR22-P17_T4,5.147494476813453,5.6937321388027,6.0657718269115275,5.416076223231977,6.946254633895423,5.926926025970411
AR22-P08_T4,5.313205979041787,5.6937321388027,5.507949846078359,4.511293605474058,5.950019443981938,5.840641657373398
AR22-P21_T5,5.389071729816501,6.359573868672378,5.8737795244468884,5.018285267621203,5.978582737034652,6.386879319362645
AR22-P22_T2,5.521460917862246,5.6937321388027,6.064815206659696,5.558167179214879,7.6339436110751935,6.008813185442595
AR22-P21_T6,5.389071729816501,5.926926025970411,5.866888703256231,5.4655152023869675,7.337540850851589,6.182084906716632
AR22-P20_T4,5.579729825986222,5.883322388488279,5.931334801311837,5.721880268926033,7.76700860937633,6.26043439336175
AR22-P22_T1,5.455321115357702,5.746203190540153,5.856237419831738,3.717624301759665,5.733760018644752,6.07993319509559
AR22-P09_T6,5.389071729816501,5.521460917862246,5.85756007488548,4.470826052049146,6.0412754927825265,5.883322388488279
AR22-P13_T2,5.389071729816501,5.6937321388027,5.816164300533888,0.011751885538734025,5.875002309838454,6.082218910376446
AR22-P04_T1,5.455321115357702,5.641907070938114,5.787042118967109,0.011708126282918568,5.819458412504687,5.966146739123692
AR22-P05_T3,5.641907070938114,6.413458957167357,6.2462303845953535,5.642393596398081,6.546009433914889,6.150602768446279
AR22-P20_T3,5.521460917862246,6.5337888379333435,6.093563353720626,5.915498707155599,7.2118477343848095,6.437751649736401
AR22-P15_T5,5.389071729816501,6.660575149839686,6.490525790192508,5.72212149885923,7.26576719015463,6.359573868672378
AR22-P09_T5,5.459585514144159,5.746203190540153,6.636717432525244,5.545846620662832,6.4784616847664935,6.115892125483034
AR22-P13_T1,5.384495062789089,5.968707559985366,5.697416754975594,6.145144955151394,7.54100934871983,6.116443393622613
AR22-P15_T6,5.313205979041787,6.182084906716632,5.705074660279751,4.926131203082855,5.9993084012869975,6.07993319509559
AR22-P07_T2,5.579729825986222,5.926926025970411,5.878346047271096,5.550319864050742,6.231756754820111,6.33283518357819
AR22-P07_T1,5.6937321388027,6.082218910376446,6.383048355938098,5.988151694227147,7.12210941148146,6.533061565077846
AR22-P05_T4,5.521460917862246,6.532334292222349,6.091566806237178,5.507019110210113,6.2984791897903225,6.150602768446279
AR22-P02_T3,5.638354669333745,6.774223886357614,6.009137266090645,0.010796673071526998,6.048339216154563,6.359573868672378
AR22-P11_T4,5.389071729816501,5.796057750765372,6.2303675442089075,5.782841572532686,7.301737811834797,6.082218910376446
AR22-P14_T4,5.6937321388027,5.926926025970411,6.221233024131575,5.880743879021938,7.31112148010921,6.486541596329219
AR22-P11_T3,5.455321115357702,5.883322388488279,6.221531588126251,5.799201404135318,7.195277879339207,6.214608098422191
AR22-P02_T4,5.521460917862246,6.555356891810665,5.95789865756748,0.011454834393412546,6.034771588434938,6.244166900663736
AR22-P18_T5,6.274762021241939,6.9975959829819265,6.183246046523837,5.869927008007305,7.107426089833909,6.71901315438526
AR22-P18_T6,6.246106765481563,6.5337888379333435,6.6377278099846695,5.771750439268742,7.2837238641702,6.756932389247553
AR22-P01_T2,5.793013608384144,6.150602768446279,5.998744190110602,4.330359196905795,6.658730662408152,6.333279628139691
BB17-P21_T1,4.6913478822291435,5.14166355650266,5.231701207768488,0.009245739830228956,5.611476036813347,5.231108616854587
BB17-P26_T1,4.820281565605037,5.147494476813453,5.456789989481301,4.641118068506684,5.746319465752567,5.313205979041787
BB17-P27_T1,5.147494476813453,5.883322388488279,6.0517809404664185,5.543072110357585,6.902350112182846,5.840641657373398
BB17-P15_T1,4.8283137373023015,5.308267697401205,5.269148706186785,4.939399340870692,5.350544023852597,5.384495062789089
BB17-P29_T1,5.231108616854587,5.8805329864007,6.132626074506989,5.189045445073592,6.401705317440527,5.840641657373398
BB17-P11_T1,4.941642422609304,5.8377304471659395,5.808474006907595,5.18781691400775,6.229214077258957,5.579729825986222
BB17-P10_T1,4.8283137373023015,4.941642422609304,5.365638643961921,4.496753532362734,5.3934228288831765,5.049856007249537
BB17-P23_T1,4.8283137373023015,5.926926025970411,5.609742903952396,5.348884529801194,6.409184233053525,5.579729825986222
BB17-P13_T1,4.8283137373023015,6.07993319509559,5.334038083621591,0.009040961425940996,5.672874142102975,5.69035945432406
BB17-P14_T1,5.049856007249537,5.793013608384144,5.633964887718279,5.327751078858396,7.096714867677983,5.579729825986222
BB17-P18_T1,5.147494476813453,5.793013608384144,5.940458321356287,5.492488270680896,6.385499548122819,5.7899601708972535
BB17-P17_T1,4.941642422609304,5.313205979041787,5.437028332957004,5.513065010989743,6.202554630377205,5.517452896464707
BB17-P24_T1,4.948759890378168,6.0063531596017325,5.703500194906914,5.414883269055819,6.350970146496783,5.69035945432406
BB17-P28_T1,5.049856007249537,5.926926025970411,5.508766689871699,5.179331545041181,5.758367284432442,5.583496308781699
BB17-P16_T1,5.308267697401205,5.7430031878094825,6.9582643759169684,5.68121090644522,7.497538724955968,5.840641657373398
BB17-P25_T1,5.313205979041787,5.924255797414532,5.895213479537277,5.839005275679034,6.602728482448208,5.8377304471659395
BB17-P19_T1,5.231108616854587,5.384495062789089,5.378100814842207,5.077319317581598,5.9124907141436704,5.521460917862246
BB17-P20_T1,5.313205979041787,5.793013608384144,5.473364841674382,4.751490335219929,6.326210170742895,5.8377304471659395
BB17-P22_T1,5.147494476813453,5.579729825986222,6.209897653046419,5.451688724338514,6.622991817568641,5.583496308781699
BB17-P12_T1,5.313205979041787,6.436150368369428,5.861797270733377,5.8047760851975045,7.036288027439004,6.003887067106539
BD08-P05_T1,4.852030263919617,5.863631175598097,1.8208711753471238,2.2686040866281054,5.544283820623507,5.629403554678294
BD08-P06_T1,4.844187086458591,5.075173815233827,1.5277553340378982,1.9152425783933376,5.144513961257315,5.342334251964811
BD08-P08_T1,5.003946305945459,5.910796644040527,4.958593123154978,2.6257500422785407,5.4803664336953,5.67418090094569
BD08-P02_T1,5.351858133476067,6.838405200847344,5.905282007620643,6.048998978180367,7.682077426396278,6.372465087889816
BD08-P03_T1,5.017279836814924,5.583496308781699,5.274311671103202,3.3216794693768366,5.795370956053989,5.5787846452762455
BD08-P07_T1,5.081404364984463,5.356586274672012,5.370372233604145,2.3293164060917704,5.753389816952591,5.70461442217937
BD08-P09_T1,5.198497031265826,6.2324480165505225,5.741150827849433,3.2975291261918875,5.8520240924755305,5.961005339623274
BD08-P10_T1,5.214935757608986,5.517452896464707,6.222068995632455,5.623545031374217,7.162963651492967,5.631211781821365
BD08-P01_T1,5.093750200806762,5.484796933490655,5.025525898859138,2.7007080733223163,5.911882032855927,5.560681631015528
BD08-P04_T1,5.093750200806762,5.934894195619588,5.7631118884334835,4.886918378014154,6.12319711626475,5.652489180268651
BD13-P07_T1,5.049856007249537,6.182084906716632,5.4377906364282085,5.496037405131752,6.990092723119763,6.078787719222312
BD13-P08_T1,4.948759890378168,6.148468295917647,5.54379702092046,5.457545354388013,6.256786363573322,5.69035945432406
BD13-P02_T1,5.049856007249537,6.302618975744905,6.146612834418342,5.735199127327881,7.275500469771158,5.6937321388027
BD13-P17_T1,4.948759890378168,5.793013608384144,5.4227357738349635,0.00773095435400087,5.813658297480884,5.634789603169249
BD13-P12_T2,5.231108616854587,6.042632833682381,5.56759394661675,5.243552304592366,5.718059449999116,5.793013608384144
BD13-P18_T2,4.941642422609304,5.793013608384144,5.311328989865798,5.100720769360036,5.722502843192203,5.69035945432406
BD13-P04_T1,5.384495062789089,6.530877627725885,5.968615660450499,5.843721045211451,6.782213188160208,6.115892125483034
BD13-P01_T1,5.231108616854587,6.212606095751519,5.50811097482825,4.676765058556161,5.888410570248344,5.8377304471659395
BML12-P09_T5,4.700480365792417,5.459585514144159,5.134263346723058,4.466886389417345,5.565451230182601,5.313205979041787
BML12-P04_T2,5.049856007249537,5.796057750765372,5.527511269479767,5.132434219031305,5.746038342914455,5.6937321388027
BML12-P03_T5,4.8283137373023015,5.389071729816501,5.2919319252088215,5.0694364700962335,5.817460828676126,5.318119993844216
BML12-P03_T6,4.8283137373023015,5.049856007249537,5.227246684124536,4.9128917057543005,5.80246644430735,5.231108616854587
BML12-P04_T1,5.14166355650266,5.7430031878094825,5.665576001500149,5.275346442135699,6.6675525625591865,5.793013608384144
BML12-P10_T4,4.8283137373023015,5.056245805348308,5.289720630683465,4.799987693612134,5.390148471700906,5.147494476813453
BML12-P06_T6,4.8283137373023015,5.049856007249537,5.323655006809824,4.99725471576148,5.65430131399261,5.147494476813453
BML12-P06_T5,4.8283137373023015,5.231108616854587,5.320806133835138,4.711975879879239,5.362635794697675,5.236441962829949
BML12-P10_T2,4.700480365792417,5.049856007249537,5.180832204752331,4.9213335097025315,6.153865444733607,5.147494476813453
BML12-P09_T1,4.8283137373023015,5.389071729816501,5.254161420097079,4.90524194822431,5.8139210458540775,5.389071729816501
BML12-P05_T4,5.231108616854587,5.521460917862246,5.961964187962861,0.011705265511898783,6.072842388912555,5.6937321388027
BML12-P05_T3,5.231108616854587,5.69035945432406,6.010927336006888,5.42688322174579,6.332109046890466,5.793013608384144
BML12-P08_T3,5.231108616854587,5.793013608384144,5.8405111284611655,5.647386273692915,6.987576261670215,5.840641657373398
BML12-P02_T3,5.236441962829949,5.883322388488279,5.907476904908567,5.833906232473413,6.871120184795237,5.746203190540153
BML12-P02_T4,5.236441962829949,5.638354669333745,5.870119240069337,5.789587734136966,6.89385638763185,5.638354669333745
BML12-P08_T5,5.231108616854587,5.6937321388027,5.658644869452905,5.683893265470495,6.518045790768638,5.7430031878094825
BML12-P07_T3,5.147494476813453,5.641907070938114,5.994892522491702,5.136396621094575,6.119597309019559,5.583496308781699
BML12-P07_T1,5.14166355650266,5.455321115357702,5.743002951552926,5.195257065197201,5.9745948718372865,5.521460917862246
BML12-P01_T2,4.8283137373023015,5.147494476813453,5.424283469573771,4.8933503238763985,5.523084342056778,5.313205979041787
BML12-P01_T1,4.8283137373023015,5.14166355650266,5.482459096762353,5.456214524472845,7.204864215819347,5.313205979041787
BML12-P31_T3,5.147494476813453,6.274762021241939,6.19907743092856,5.409863704133228,6.872885784623245,5.966146739123692
BML12-P26_T1,4.948759890378168,5.7430031878094825,5.707721561005924,4.794766952206431,5.74479317309722,5.6540201667846
BML12-P26_T2,4.948759890378168,5.579729825986222,5.635589465680328,4.669525282858057,5.785725071446473,5.641907070938114
BML12-P31_T5,5.147494476813453,6.274762021241939,6.033940038872117,5.5793065190657325,7.1058775678220565,5.883322388488279
BML12-P24_T4,5.455321115357702,5.521460917862246,5.6079553598172645,5.5228992454044725,5.9637918901684195,5.840641657373398
BML12-P22_T2,4.8283137373023015,5.236441962829949,5.180060644529771,4.9762679773565335,5.829339013890076,5.313205979041787
BML12-P28_T5,4.8283137373023015,5.049856007249537,5.267641805279602,4.756000363970783,5.389626256572572,5.231108616854587
CET6-P21_T02,5.583496308781699,6.436150368369428,6.264988511781216,5.61695121808553,7.158453685212943,6.618738983517219
CET6-P18_T02,6.042632833682381,6.148468295917647,6.137967672789941,6.084414290944251,6.770965643319949,6.411818267709897
CET6-P21_T03,5.521460917862246,6.411818267709897,6.071071038302224,5.978745317899072,7.235435454389025,6.553933404025811
CET6-P18_T01,6.113682179832232,6.331501849893691,6.279574890803763,5.082762430177048,6.923899830586146,6.553933404025811
CET6-P01_T03,5.521460917862246,6.302618975744905,6.024724137924425,5.919346360080159,6.481068850436967,6.3578422665081
CET6-P05_T02,5.389071729816501,5.8805329864007,5.715138322564605,5.5845563603618436,6.148474238887342,6.07993319509559
CET6-P21_T01,5.384495062789089,6.461468176353717,5.96433407706057,5.7342371219459345,7.314962232476816,6.553933404025811
CET6-P05_T01,5.313205979041787,6.180016653652572,5.700682095158474,5.564413394716901,6.821632004448264,6.212606095751519
CET6-P18_T03,5.966146739123692,6.2422232654551655,6.0980033150842985,4.547568880609839,6.12853402883791,6.410174881966167
CET6-P03_T03,6.484635235635252,6.679599185844383,6.703203516683757,6.519753472002996,6.848536889283827,6.874198495453294
CET6-P01_T02,5.521460917862246,6.385194398997726,5.9857328170447595,5.733959177185354,6.617979904022134,6.436150368369428
CET6-P12_T03,6.07993319509559,6.461468176353717,6.629338640025099,4.136082513688026,6.8676763758807375,6.530877627725885
CET6-P05_T03,5.389071729816501,5.924255797414532,5.760894684558569,5.747041353980939,6.420137062402651,6.115892125483034
CET6-P02_T01,5.8377304471659395,6.07993319509559,6.038636791046436,5.977583582164534,6.555848990770464,6.461468176353717
CET6-P12_T02,6.182084906716632,6.597145701886651,0.008520531298845266,5.553267992632263,6.783959037450737,6.597145701886651
CET6-P12_T01,6.113682179832232,6.508769136971682,6.653004104151499,6.44080508061718,7.607439656523178,6.530877627725885
CET6-P03_T02,6.459904454377535,6.790097235513905,0.009266377569468763,0.014438295878273262,7.161195839316582,6.889591308354466
CET6-P19_T01,5.883322388488279,6.212606095751519,6.301709182250031,4.959294834969176,7.067989425335695,6.411818267709897
CET6-P02_T03,6.0063531596017325,6.274762021241939,6.190929211474497,6.169878599941121,6.698808547365777,6.530877627725885
CET6-P03_T01,6.411818267709897,6.7357800142423265,6.834039189443468,4.443455471315213,7.085084204705444,6.874198495453294
CET6-P06_T01,5.8377304471659395,6.331501849893691,5.864934496523809,4.015976727007129,6.584868575646844,6.436150368369428
CET6-P04_T01,5.231108616854587,6.042632833682381,5.6391584242592785,0.016360307153454653,5.520031079910492,6.003887067106539
CET6-P04_T03,5.313205979041787,5.840641657373398,5.489411205697263,0.020589545189282448,5.484559276692292,6.113682179832232
CET6-P13_T01,7.023758954738443,7.429520842786462,6.899888635680485,5.460907398678309,7.535782748698388,7.534762657037537
CET6-P07_T03,6.07993319509559,6.244166900663736,3.420918676121189,4.642212631767479,6.8877735439714005,6.530877627725885
CET6-P02_T02,6.115892125483034,6.461468176353717,6.251660934385195,5.758446759497885,6.8520571949101425,6.659293919683638
CET6-P10_T01,6.508769136971682,6.905753276311464,6.870796955619769,6.410410047214631,7.1138305950397225,6.93267159791332
CET6-P13_T03,7.037905963447182,7.3727463664043285,6.355403826956606,4.888635570414816,7.309571648759052,7.5652688208707755
CET6-P22_T02,6.331501849893691,6.410174881966167,6.200209896595849,4.79460618640914,6.842174666694087,6.754604099487962
CET6-P22_T01,6.461468176353717,6.617402977974478,5.415227948534387,5.774486136332332,6.299606625271418,6.841615476477592
CET6-P11_T02,6.148468295917647,6.618738983517219,6.398892721051713,0.010643956897954074,6.636158109884727,6.618738983517219
CET6-P16_T02,5.883322388488279,6.807934943699926,5.920850135392929,4.653198685314541,6.571137561734501,6.618738983517219
CET6-P10_T03,6.508769136971682,7.023758954738443,7.100331876429417,6.218978826471929,7.1655938291058625,6.9363427358340495
CET6-P16_T01,5.7430031878094825,6.790097235513905,6.005437589196849,0.008908686292819408,5.996750984469646,6.553933404025811
CET6-P04_T02,5.147494476813453,6.077642243349034,0.007252424272235014,0.010291725289389082,5.573796411055561,5.966146739123692
CET6-P13_T02,7.037905963447182,7.56734567601324,5.317996240175606,4.692939963408705,7.369593671624106,7.551186867296149
CET6-P17_T01,6.507277712385012,7.064759027791802,6.595744858420149,6.338114571723242,7.356416094134612,6.955335170075712
CET6-P09_T02,5.638354669333745,7.010311867307229,6.292478157828684,5.879814506348106,6.437422088243274,6.607956003294497
CET6-P11_T03,6.113682179832232,6.530877627725885,6.34440207722213,0.010180936661378868,6.77532610544871,6.553933404025811
CET6-P08_T02,6.212606095751519,6.841615476477592,6.481895991155184,6.2096614942323205,6.932825369011178,6.858039548668378
CET6-P17_T03,6.244166900663736,7.177782416195197,6.490592725155606,6.289898327001667,7.174648541418403,7.010311867307229
CET6-P22_T03,6.244166900663736,6.436150368369428,2.399650335256907,5.461895325248211,6.346234182054887,6.698268054115413
CET6-P17_T02,6.302618975744905,7.509335266016592,6.1948552360501195,6.3374279063602375,7.5446040483800445,7.189922170745808
CET6-P10_T02,6.698268054115413,7.1785454837637,6.836850474479604,6.293017767464022,7.345254847071129,7.247080584585756
CET6-P16_T03,5.793013608384144,6.905753276311464,6.007824356449562,5.95078649983959,6.399993807993585,6.597486533568617
CET6-P06_T03,5.579729825986222,6.272877006546167,6.028190954608965,6.00184585353509,7.034761390694243,6.436150368369428
CET6-P09_T01,5.583496308781699,7.077498053569231,6.294535976775422,6.0134702870350365,7.194467998695966,6.771935555839602
CET6-P20_T03,6.07993319509559,6.921658184151129,6.393411732057665,0.009658216881699678,6.441831876148625,6.7912214627261855
CET6-P11_T01,6.272877006546167,6.617402977974478,6.500825130974466,5.22847796705226,7.305944081286307,6.698576125626979
CET6-P08_T01,6.148468295917647,6.981934677156389,6.39485450355839,6.052358025366029,6.9920264639944545,6.921658184151129
CET6-P07_T02,5.966146739123692,6.508769136971682,5.7580412666136755,0.011130478085348791,6.290842886322732,6.553933404025811
CET6-P19_T02,5.883322388488279,6.530877627725885,6.1079290311522865,0.010380058010615163,6.136110708147175,6.553933404025811
CET6-P20_T01,5.966146739123692,6.638567789166521,6.127791222596706,5.967893222238752,7.19711332880945,6.618738983517219
CET6-P20_T02,6.0063531596017325,6.699500340161678,6.195839181408667,6.109050265420054,7.275925747697764,6.679599185844383
CET6-P09_T03,5.638354669333745,6.806829360392176,6.2865769756681855,5.935725043918973,7.150573430446023,6.638567789166521
CET6-P07_T01,6.07993319509559,6.302618975744905,3.5478874119151174,3.8824352347496847,6.5234721379377865,6.532334292222349
CET6-P14_T02,5.313205979041787,7.010311867307229,5.829575785691702,5.702950574263139,6.794944136473153,6.484635235635252
CET6-P14_T03,5.231108616854587,6.639875833826536,6.081880495817695,5.605105709548921,6.691439119279397,6.385194398997726
CET6-P01_T01,5.455321115357702,6.302618975744905,5.682483882900856,5.692775069568997,6.375296517712094,6.410174881966167
CET6-P06_T02,5.7899601708972535,6.274762021241939,6.060721539969643,0.009577436175095787,6.086241002183495,6.576121136936073
CET6-P14_T01,5.236441962829949,6.716594773520978,5.768439488068045,5.557828872197055,6.745547911826257,6.410174881966167
CET6-P19_T03,5.966146739123692,6.359573868672378,6.450736426380564,5.8325891302935595,7.065163255111302,6.484635235635252
CET6-P08_T03,6.148468295917647,7.177782416195197,6.498058391094906,4.44073280813143,7.824356444947643,6.917932332775485
HLR13-P02_T3,5.049856007249537,5.7430031878094825,5.6551903189456185,5.257615145229938,5.981745842209124,5.69035945432406
HLR13-P02_T2,5.049856007249537,6.244166900663736,5.446940378099271,5.154200618323358,5.5905526067540094,5.718367663306092
HLR13-P02_T1,5.14166355650266,5.926926025970411,5.568011786946434,5.230386817176246,6.6207442456377334,5.6937321388027
HLR13-P03_T1,5.147494476813453,5.579729825986222,5.429768585025792,5.33026584553488,5.960117326036928,5.521460917862246
HLR13-P03_T3,5.147494476813453,5.634789603169249,5.441867874920382,4.845873914785212,5.723554610905158,5.455321115357702
HLR13-P01_T3,5.049856007249537,6.618738983517219,5.563708222498676,5.332873188317918,6.50281094847677,5.521460917862246
HLR13-P03_T2,5.231108616854587,5.517452896464707,5.720513851016177,5.227229953038874,5.856685929900085,5.596319632378586
HLR13-P01_T1,4.948759890378168,6.411818267709897,5.666159550397362,5.505293839520432,6.624519577836999,5.583496308781699
HLR13-P01_T2,5.049856007249537,6.244166900663736,5.510729192731347,5.120805110231311,5.891756361165872,5.521460917862246
HLR13-P05_T2,5.517452896464707,6.436150368369428,6.87451869500514,5.401201640473937,6.583830548917123,6.042632833682381
HLR13-P05_T1,5.455321115357702,6.57507584059962,6.776853577691462,5.456203130342599,6.6434131553319125,6.182084906716632
HLR13-P04_T1,5.14166355650266,5.7430031878094825,5.733666845215205,0.009729727369974992,6.125671116077181,5.638354669333745
HLR13-P04_T2,5.049856007249537,5.793013608384144,6.374775124347717,5.383228284220153,6.749794797853431,5.579729825986222
HLR13-P05_T3,5.579729825986222,6.436150368369428,6.704710492961629,5.443060006598116,6.801813541690687,6.197345501234075
HLR13-P04_T3,5.049856007249537,5.638354669333745,6.11371383661186,4.879960907536919,6.069002939068416,5.521460917862246
KTHJ08-P17_T2,4.820281565605037,5.3471075307174685,5.520960904952171,5.0093644378783315,6.07818617637012,5.327864386201888
KTHJ08-P14_T1,4.852030263919617,5.313205979041787,5.215905239321775,5.04032527270994,5.530566091566468,5.447812642141157
KTHJ08-P05_T3,5.247024072160486,5.8998973535824915,5.411744532725269,4.445138240391826,5.940449095818598,5.695412812654052
KTHJ08-P11_T3,4.927253685157205,5.181783550292085,5.156502275566069,4.768678415868936,5.444959762739547,5.2832037287379885
KTHJ08-P23_T1,5.043425116919247,5.393627546352362,5.5634548212463875,5.308360319544158,6.098281725209873,5.529429087511423
KTHJ08-P10_T2,5.043425116919247,5.298317366548036,5.356586133919421,4.823087694405084,5.374951564624397,5.3612921657094255
KTHJ08-P11_T2,4.948759890378168,5.2574953720277815,5.337193474074683,5.68468969192547,6.988714678949344,5.30080488722543
KTHJ08-P13_T1,4.955827057601261,5.081404364984463,5.077388547098435,4.850977618777197,5.357470616697678,5.3435275716529755
KTHJ08-P02_T3,4.897839799950911,5.973809611869261,5.509672776581956,5.255016465540862,6.006518939613914,5.545177444479562
KTHJ08-P19_T3,5.135798437050262,5.493061443340548,5.845215568174302,4.899764297191548,5.900017466675708,5.5053315359323625
KTHJ08-P13_T3,4.875197323201151,5.204006687076795,5.085811406296437,4.94670000497165,5.3799896996394025,5.356586274672012
KTHJ08-P23_T3,5.043425116919247,5.60947179518496,5.511703657982906,5.4431382380433195,6.304589680637342,5.560681631015528
KTHJ08-P14_T2,4.812184355372417,5.3612921657094255,5.231158318931762,4.8859156415395555,5.663943788287275,5.384495062789089
KTHJ08-P12_T2,4.875197323201151,5.4680601411351315,5.73310047351057,4.6739257564673755,5.701602821496174,5.337538079701318
KTHJ08-P23_T2,4.912654885736052,5.43372200355424,5.474366359246112,5.318085123014446,6.222328423968557,5.442417710521793
KTHJ08-P21_T1,5.087596335232384,5.529429087511423,5.335685186810789,4.58305091407804,5.594029066820195,5.56259734920192
KTHJ08-P07_T1,5.111987788356544,5.749392985908253,5.894487913763728,5.463631470102815,6.486690186697491,5.703782474656201
KTHJ08-P18_T1,4.77912349311153,5.43372200355424,5.470395873549048,4.9253619522289185,5.702299514119819,5.236441962829949
KTHJ08-P11_T1,4.948759890378168,5.4510384535657,5.224812433420208,5.057292403038781,5.555894693244186,5.389071729816501
KTHJ08-P10_T1,5.081404364984463,5.332718793265369,5.430107733782595,5.252250336205197,5.7403345104402215,5.494088138828712
KTHJ08-P15_T2,5.117993812416755,6.111467339502679,5.71425227469478,5.666346589067038,7.123578345649108,5.752572638825633
KTHJ08-P03_T3,5.420534999272286,5.910796644040527,5.5624897964007705,4.958087080684576,5.816230858456397,5.830414047446862
KTHJ08-P01_T2,4.912654885736052,5.37989735354046,5.367399591857806,4.851205846598258,5.72306327561149,5.429345628954441
KTHJ08-P17_T3,4.852030263919617,5.726847747587197,5.191076804252959,4.7964304380037435,5.546121903752498,5.3981627015177525
KTHJ08-P10_T3,5.111987788356544,5.342334251964811,5.397687483604729,5.045168228428333,5.495022537640372,5.4542504499097015
KTHJ08-P13_T2,4.736198448394496,5.056245805348308,5.0278737538486915,4.749136762463493,5.515814853132419,5.247024072160486
KTHJ08-P19_T1,5.1298987149230735,5.680172609017068,5.746833898999365,4.937707798160665,5.745886582202091,5.594711379601839
KTHJ08-P05_T1,5.288267030694535,5.652489180268651,5.554526926501765,5.450696555589203,5.908778836829542,5.607636930740479
KTHJ08-P14_T3,4.844187086458591,5.393627546352362,5.434377845170321,4.901996477832932,5.574589152506938,5.387927563059648
KTHJ08-P08_T2,4.890349128221754,5.6240175061873385,5.190623016498732,5.467038288735161,7.012690736732592,5.3494771630982525
KTHJ08-P09_T2,4.927253685157205,5.5093883366279774,5.305099804547722,3.659448508046503,5.495166873221054,5.423846262929124
KTHJ08-P24_T1,5.017279836814924,5.955837369464831,5.598368876985511,5.149991989713176,5.795681502497241,5.537334267018537
KTHJ08-P09_T1,4.976733742420574,5.5134287461649825,5.555315469798822,5.159255925708777,5.768714701136995,5.438079308923196
KTHJ08-P22_T2,4.812184355372417,5.170483995038151,5.102047218200145,4.886315619872172,5.485703793611953,5.293304824724492
KTHJ08-P17_T1,4.867534450455582,5.25227342804663,5.242789397503625,5.203659548602475,5.742999908267958,5.4116460518550396
KTHJ08-P16_T1,4.990432586778736,6.095824562432225,5.40737603035393,4.8857868117109655,5.467970933760723,5.487902527990179
KTHJ08-P04_T3,5.0369526024136295,5.43372200355424,5.441487128298316,5.0518140172519015,5.537352383154895,5.53338948872752
KTHJ08-P20_T2,4.852030263919617,5.267858159063328,5.15207702584938,3.9210021368131045,5.458812270464819,5.278114659230517
KTHJ08-P04_T2,4.955827057601261,5.455321115357702,5.565824159468285,5.019773725107301,5.6728148238490075,5.5134287461649825
KTHJ08-P21_T2,5.111987788356544,5.5909869805108565,5.378804946303527,4.948029453757071,5.616682716313571,5.563560713245902
KTHJ08-P12_T3,4.955827057601261,5.5093883366279774,5.41122069217994,4.94649043165669,5.431356257023699,5.423846262929124
KTHJ08-P22_T3,4.962844630259907,5.537334267018537,5.5159457327147905,4.962578517429228,5.566940719011015,5.544198969649278
KTHJ08-P07_T2,5.087596335232384,5.780743515792329,5.7460394849116385,5.418722022446811,6.155662873660214,5.702113024023443
KTHJ08-P01_T3,4.955827057601261,5.488937726156687,5.210872531935346,4.973554841557365,5.509260998394312,5.477507394784131
KTHJ08-P18_T2,4.762173934797756,5.3612921657094255,5.400160305455634,4.8057920538669485,5.495397136985756,5.231108616854587
KTHJ08-P06_T1,5.056245805348308,5.82600010738045,5.503479107452408,5.134987207355643,5.586639120840747,5.655991810819852
KTHJ08-P15_T3,5.147494476813453,6.285998094508865,5.798097634801902,5.588456372714804,6.569406449337988,5.804374029776972
KTHJ08-P19_T2,5.087596335232384,5.627621113690637,5.880869049362075,4.909383820186512,5.7254818235917035,5.497168225293202
KTHJ08-P08_T3,4.90527477843843,5.572154032177765,5.282340546790272,4.793898219220999,5.649063262789821,5.332718793265369
KTHJ08-P02_T1,4.852030263919617,5.666426688112432,5.551486521045041,2.958777933055986,5.824741293199311,5.455321115357702
KTHJ08-P20_T3,4.867534450455582,5.313205979041787,5.124396094625826,4.755139338113372,5.446627382442044,5.272999558563747
KTHJ08-P05_T2,5.247024072160486,5.860786223465865,2.9481309545204972,3.408758658564449,5.880360335752774,5.575941929081994
KTHJ08-P03_T2,5.442417710521793,5.8377304471659395,5.663808805612231,5.187204486815204,5.963614785390529,5.8377304471659395
KTHJ08-P16_T2,4.948759890378168,6.023447592961033,5.61111670255282,4.838612325795842,5.572624910614321,5.459585514144159
KTHJ08-P03_T1,5.4510384535657,5.978885764901122,5.707401742166194,5.194784709482274,6.0342101778305475,5.857933154483459
KTHJ08-P09_T3,4.969813299576001,5.552959584921617,5.505256837176776,5.292318212565031,5.940939776483917,5.474362736089104
KTHJ08-P24_T3,5.081404364984463,6.003887067106539,5.728864285542873,5.369928737125613,6.139966292046346,5.592849180056348
KTHJ08-P01_T1,5.003946305945459,5.5134287461649825,5.539973293605472,5.064922520821874,5.680756811785008,5.493061443340548
KTHJ08-P21_T3,5.1298987149230735,5.517452896464707,5.385142086709756,5.038051724113323,5.400615452345983,5.560681631015528
KTHJ08-P16_T3,4.976733742420574,6.329720905522696,5.582250333906524,5.758403576007538,7.145382571623501,5.484796933490655
KTHJ08-P04_T1,5.0689042022202315,5.3981627015177525,5.417991497831906,5.123670294350361,5.488827263946895,5.5053315359323625
KTHJ08-P12_T1,5.003946305945459,5.488937726156687,5.5486752564425235,4.867115623936083,5.579871824571737,5.462770232305248
KTHJ08-P07_T3,5.075173815233827,6.016157159698354,5.72140041988499,5.663040155826798,7.060025891747526,5.736572297479192
KTHJ08-P22_T1,4.990432586778736,5.424950017481403,5.386388131048177,5.278037839937273,5.709887749801439,5.492030514044583
KTHJ08-P20_T1,4.897839799950911,5.337538079701318,5.1142120614969535,4.8296874500339335,5.480227682348384,5.272999558563747
KTHJ08-P06_T2,4.962844630259907,5.986452005284438,5.332201362470349,4.7120725794178675,5.716417284512865,5.575949103146316
KTHJ08-P15_T1,5.123963979403259,6.115892125483034,5.758579836091322,5.505296998899081,6.363013209280732,5.746203190540153
LWB09-P01_T3,4.804021044733257,5.247024072160486,5.246493094196241,4.751333987176475,5.317955227221117,5.181783550292085
LWB09-P13_T3,4.8283137373023015,5.267858159063328,5.194617722383974,4.86337235591079,5.562793119715085,5.3612921657094255
LWB09-P15_T3,5.0238805208462765,5.676753802268282,5.577152346530326,5.589645293951574,6.509871647983813,5.765191102784844
LWB09-P09_T3,5.0106352940962555,5.220355825078324,5.548119648530625,5.527925556366773,6.274189868556473,5.8957764536839985
LWB09-P17_T2,5.0238805208462765,5.480638923341991,5.363913662680514,5.2475303830199405,5.656860987842924,5.628518780723319
LWB09-P03_T3,5.44673737166631,5.921578419643816,6.179271948214038,5.76742281853849,6.500262480447237,6.138245350219063
LWB09-P10_T3,4.962844630259907,5.332718793265369,5.423984889866612,4.791878702109443,5.494733145468732,5.375278407684165
LWB09-P16_T2,5.0238805208462765,5.455321115357702,5.340345068289826,5.141675167631361,5.753865149148131,5.638354669333745
LWB09-P06_T3,5.225746673713202,5.8916442118257715,5.477209495097533,5.0911231792527065,6.141933828294133,5.786892676613496
LWB09-P08_T3,5.0106352940962555,5.840641657373398,5.472187410244225,5.456877250330632,6.109806822220741,5.51945287493793
LWB09-P14_T3,5.099866427824199,5.497168225293202,5.692073930775187,5.152403286244899,6.020273670011018,5.624918408063163
LWB09-P11_T3,4.820281565605037,5.225746673713202,5.022074407382869,4.836329552551485,5.465826292186391,5.308267697401205
LWB09-P17_T1,5.030437921392435,5.476463551931511,5.443230809727747,5.169967107058307,5.589241175392159,5.552959584921617
LWB09-P07_T3,4.976733742420574,5.384495062789089,5.209329811722718,3.6099517761529953,5.524147140618035,5.43372200355424
LWB09-P02_T3,5.043425116919247,6.135564891081739,5.584379140940687,5.544820038775063,6.235446272530812,5.79757289294143
LWB09-P01_T2,4.727387818712341,5.147494476813453,5.420782646683083,4.790455861924284,5.739826783483942,5.1503930356556165
LWB09-P12_T3,4.90527477843843,5.214935757608986,5.3245561199283955,5.045277715309139,5.506139065319881,5.4456574563801805
LWB09-P10_T1,4.890349128221754,5.44673737166631,5.408323419186219,5.226526838890614,5.921368942400097,5.401548711783647
LWB09-P05_T2,4.844187086458591,5.342334251964811,3.025829084223739,5.098182723447613,6.123676930560489,5.389071729816501
LWB09-P18_T1,4.976733742420574,5.517452896464707,5.421512520118829,5.34685737952945,6.050883349129675,5.516446858889776
LWB09-P14_T2,5.0369526024136295,5.3230099791384085,5.419872736328704,5.16199411325648,5.761695689591595,5.631211781821365
LWB09-P11_T2,4.919980925828125,5.123963979403259,5.074894736976593,4.848194347761453,5.496902807102439,5.357762747431366
LWB09-P04_T3,5.19295685089021,5.429345628954441,5.621138977967958,5.35886155570957,6.8352329475135045,5.827472862495329
LWB09-P15_T1,4.969813299576001,5.777652323222656,5.444318949132032,5.260160901827352,6.031716728953455,5.659482215759621
LWB09-P08_T2,5.075173815233827,5.840641657373398,5.499422440876687,5.333805983958505,5.897684001483149,5.5053315359323625
LWB09-P07_T1,5.003946305945459,5.313205979041787,5.606837522123046,4.875850897932828,5.5986958144672245,5.393627546352362
LWB09-P10_T2,4.897839799950911,5.424950017481403,5.418153048494468,5.2840335618481165,5.87933166723078,5.45531198385493
LWB09-P07_T2,5.003946305945459,5.327876168789581,5.320899060545683,5.307877293667715,5.89390460491072,5.488937726156687
LWB09-P09_T2,4.969813299576001,5.267858159063328,5.526129322182171,5.7223937028132426,6.373027804996479,5.793013608384144
LWB09-P15_T2,5.017279836814924,5.641907070938114,5.515211014211642,5.189574095728149,5.674346006031713,5.68866740533194
LWB09-P02_T2,5.0369526024136295,6.240275845170769,5.609388139867987,5.545361203759612,6.252359407158089,5.787656007121022
LWB09-P06_T1,5.153291594497779,5.8522024797744745,5.421382430659504,5.22604434705274,5.765777873257955,5.746203190540153
LWB09-P14_T1,4.941642422609304,5.356586274672012,5.3719670490118006,5.116227700392453,5.660982740208045,5.435900656238718
LWB09-P03_T1,5.41610040220442,5.700443573390687,5.884303144662858,5.862959521552638,6.653564784470614,5.902633333401366
LWB09-P16_T1,5.056245805348308,5.3706380281276624,5.652509340279546,5.0619625585098955,5.658148802775961,5.602118820879701
LWB09-P11_T1,4.812184355372417,5.111987788356544,5.07412700982329,4.8738162425901,5.512457654709362,5.278114659230517
LWB09-P02_T1,4.919980925828125,6.0063531596017325,0.006893657820480086,3.17189301240122,5.800958933865731,5.529429087511423
MAecho2019-P04_T02,5.7430031878094825,5.883322388488279,5.9812068635123445,0.011575568265652182,6.03917487124946,6.304448802421981
MAecho2019-P19_T02,5.147494476813453,6.0473721790462776,5.679728685501457,5.521040265451108,6.292633539104459,5.926926025970411
MAecho2019-P19_T01,5.056245805348308,6.184148890937483,5.769162832271242,5.609820872940167,6.974941158859135,5.926926025970411
MAecho2019-P28_T01,5.638354669333745,6.774223886357614,6.9053807744975675,6.047920379726349,7.209827094275424,6.8556486649922075
MAecho2019-P28_T02,5.455321115357702,6.359573868672378,6.0670032513074545,3.9971002773133764,6.211660445325271,6.461468176353717
MAecho2019-P05_T02,5.049856007249537,6.244166900663736,5.492391168933086,4.995060947662508,5.837509141412121,5.840641657373398
MAecho2019-P09_T01,5.455321115357702,6.115892125483034,5.879154584674749,5.546297898187317,6.8647446034469795,6.148468295917647
MAecho2019-P08_T01,5.389071729816501,6.0063531596017325,5.881656297132421,0.012851185172486498,5.96602147848318,5.926926025970411
MAecho2019-P06_T01,4.948759890378168,5.6937321388027,5.322920990254787,4.444484997075019,5.541729841899203,5.583496308781699
MAecho2019-P09_T03,5.298317366548036,5.809142990314028,7.755203229284542,6.518652957871938,8.036550675980026,7.889081028641483
MAecho2019-P08_T02,5.389071729816501,6.0063531596017325,5.875765573927211,0.012752358554727334,5.915471682260884,5.886104031450156
MAecho2019-P01_T01,5.521460917862246,6.826545223556594,5.850168285494597,5.64646910280714,6.651689296239895,6.641182169740591
MAecho2019-P09_T02,5.521460917862246,6.008813185442595,5.948828666560827,5.570016071571931,6.749740626401512,6.115892125483034
MAecho2019-P04_T01,5.7430031878094825,5.926926025970411,5.878327276915595,0.011659400058111473,6.018680527423244,6.2766434893416445
MAecho2019-P01_T02,5.641907070938114,6.93828448401696,6.257275540812811,5.975762723799809,7.3532022993036,6.679599185844383
MAecho2019-P02_T01,5.459585514144159,5.7430031878094825,5.868785374007095,5.688527186569338,6.915575160998202,6.244166900663736
MAecho2019-P06_T02,5.049856007249537,5.69035945432406,5.387360039289911,5.3153091454289125,5.76065124905697,5.6937321388027
MAecho2019-P26_T02,5.389071729816501,6.71901315438526,5.708585891016417,5.534792028597257,6.862879854024219,6.386879319362645
MAecho2019-P21_T02,5.147494476813453,6.082218910376446,5.541698895560405,5.702906155322073,7.238210506509446,6.07993319509559
MAecho2019-P02_T02,5.384495062789089,5.6937321388027,5.7317655567390355,5.645973375337104,6.629982335907673,6.182084906716632
MAecho2019-P26_T01,5.455321115357702,6.792344427470809,6.196081745564264,5.828542788714985,6.676089028211042,6.43167847659414
MAecho2019-P21_T01,5.231108616854587,6.214608098422191,6.121919097426792,5.62853227452517,6.734008800880497,6.115892125483034
MAecho2019-P30_T01,5.583496308781699,6.437751649736401,6.193851515589207,5.887419630379707,6.8165270929107,6.437751649736401
MAecho2019-P30_T02,5.583496308781699,6.556778356158042,6.162753237873311,5.9227697219081845,6.798513593172013,6.51025834052315
MAecho2019-P10_T02,5.459585514144159,6.045005314036012,5.870049932913969,5.743520866854012,6.957913289106239,6.148468295917647
MAecho2019-P10_T01,5.638354669333745,6.214608098422191,6.004426843956253,5.842193538659457,7.173351231511369,6.359573868672378
NJ12-P16_T2,6.214608098422191,6.598509028614515,5.932952533320531,0.010720341004131695,6.279562721269027,6.6534772428596956
NJ12-P16_T4,6.244166900663736,6.679599185844383,0.007461016321197074,0.009821547105492639,6.347965918453512,6.698268054115413
NJ12-P04_T2,5.455321115357702,6.148468295917647,0.006868913717542887,0.01774725462987559,5.861182977016686,6.2742907675679955
NJ12-P10_T2,5.455321115357702,6.148468295917647,0.006868913717542887,0.01774725462987559,5.861182977016686,6.2742907675679955
NJ12-P13_T3,5.455321115357702,5.793013608384144,5.928246890533529,4.634825579630185,6.129647899233261,6.180016653652572
NJ12-P20_T5,5.313205979041787,5.521460917862246,5.762206872175029,5.811710303878206,7.297180093017126,6.148468295917647
NJ12-P13_T1,5.455321115357702,5.7899601708972535,5.767263601419618,5.831597494248237,7.181111528230959,6.156355385351379
NJ12-P07_T3,6.9957661563048505,7.730174795246222,7.117746670458377,5.4485868054403985,7.66056006104124,7.637595921695967
NJ12-P09_T5,7.142036574706803,7.7102051944325325,0.006944311618410322,0.008589152236355835,7.071233010190854,7.751475318021456
NJ12-P06_T5,5.389071729816501,5.7430031878094825,5.875840660667906,5.181373572244654,5.943703898347566,5.926258468831441
NJ12-P19_T6,6.807934943699926,7.037905963447182,4.001216609610054,4.480878068419178,7.3462704992848815,7.28257941027479
NJ12-P06_T6,5.389071729816501,5.638354669333745,5.792852417975077,5.677132413943521,6.320331097826635,5.926258468831441
NJ12-P21_T4,5.049856007249537,5.579729825986222,5.658356152050503,5.486945494563981,6.555475623129481,5.638354669333745
NJ12-P20_T2,5.389071729816501,5.69035945432406,5.766065428905884,3.4333133134869254,5.863311352362608,6.274762021241939
NJ12-P15_T5,5.579729825986222,6.461468176353717,6.0591710882537555,4.164452187845018,6.185054160046663,6.485016623962461
NJ12-P01_T2,5.147494476813453,5.579729825986222,5.86485097823355,5.644641118710624,7.614934526338385,5.7430031878094825
NJ12-P18_T2,5.384495062789089,6.212606095751519,5.692805487953519,0.013491350159646455,5.608446739048274,6.274762021241939
NJ12-P02_T3,5.8377304471659395,6.597145701886651,6.360537039213895,6.012543739588493,7.6290308575881145,6.716897253896656
NJ12-P07_T1,7.064759027791802,7.575584651557793,0.007766119171498216,3.660978449155966,7.397710553777091,7.756298485769174
NJ12-P04_T1,5.389071729816501,6.148468295917647,5.891818174335825,0.011496251373872474,5.968805657915146,6.244166900663736
NJ12-P05_T4,6.302618975744905,6.461468176353717,4.156245395191411,0.005006011528227656,6.016722601666848,6.699500340161678
NJ12-P21_T1,4.948759890378168,5.384495062789089,5.498297920124918,5.542575150392293,7.176876785638403,5.583496308781699
NJ12-P01_T1,5.147494476813453,5.455321115357702,5.502059832780862,4.549376329230117,6.012900638630323,5.6937321388027
NJ12-P02_T4,5.8805329864007,6.638567789166521,6.292431698107126,6.090073317241017,8.182950106678073,6.597145701886651
NJ12-P19_T3,6.754604099487962,7.247080584585756,3.6385218736295806,4.681549114211364,7.2738171203658935,7.298434075003673
NJ12-P18_T6,5.236441962829949,6.302618975744905,5.904617364303455,0.014556034282110327,5.752572111991668,6.302618975744905
NJ12-P05_T3,6.272877006546167,6.639875833826536,4.0458415863563015,0.005108110899964145,5.981049141699833,6.717804695023691
NJ12-P08_T5,7.023758954738443,7.724004656676065,3.9904442906273996,4.292121424792686,7.52568928770726,7.688913336864796
NJ12-P14_T5,5.236441962829949,6.272877006546167,5.993667653074235,5.547357817648069,8.022921148410463,6.322945423078249
NJ12-P11_T4,5.634789603169249,6.553933404025811,5.984825255292325,5.931713599304283,7.085014511187216,6.807934943699926
NJ12-P15_T1,5.455321115357702,6.244166900663736,5.979550092724477,0.011245878301835481,6.014393935893141,6.272877006546167
NJ12-P11_T6,5.69035945432406,6.841615476477592,6.203993320618837,6.004485880680366,7.252162377013539,6.98100574072173
NJ12-P08_T3,7.311886164077165,7.828436359157585,0.007939792891112253,0.009091506311725764,7.398736530131101,7.859026979751538
NJ12-P10_T4,6.042632833682381,6.148468295917647,6.240393940895578,5.712252119136908,7.4099950586338394,6.597827365250583
NJ12-P17_T4,6.716594773520978,7.129297548929373,6.2245919735963335,6.305485081112829,7.4347088045856085,7.285150567665392
NJ12-P17_T6,6.530877627725885,7.117205503164344,6.268654576191309,6.335644125540293,7.377831267521385,7.224571256397436
NJ12-P12_T6,5.455321115357702,5.521460917862246,5.96037245947416,4.081131837218813,6.069884206047566,6.07993319509559
NJ12-P12_T2,5.389071729816501,5.793013608384144,5.97256246275634,5.750482272836904,7.348982532481598,6.180016653652572
SG12-P12_T6,4.948759890378168,5.7430031878094825,5.68463647737623,5.338437289031344,5.998155997488192,5.579729825986222
SG12-P12_T2,4.8283137373023015,5.579729825986222,5.385551237101081,4.811714079621979,5.450089201977928,5.313205979041787
SG12-P08_T3,5.049856007249537,5.638354669333745,5.415311954285963,4.947162331014861,5.9612326907463675,5.455321115357702
SG12-P19_T6,4.8283137373023015,5.579729825986222,5.589410611069335,5.012662099016158,6.102224378862568,5.313205979041787
SG12-P22_T4,4.700480365792417,5.231108616854587,5.45001826975215,4.500393322492046,5.596165433518918,5.14166355650266
SG12-P01_T1,4.6913478822291435,5.313205979041787,5.2376425181387685,4.818208981433521,5.410985136088801,5.147494476813453
SG12-P22_T5,4.700480365792417,5.384495062789089,5.42545573616866,4.102267032244713,5.342270635535288,5.147494476813453
SG12-P01_T2,4.6913478822291435,5.455321115357702,5.280013502862953,4.6699806227662055,5.454851284781989,5.147494476813453
SG12-P16_T4,5.231108616854587,5.966146739123692,5.812547422631701,5.579052999250951,6.290271465965918,5.7430031878094825
SG12-P08_T5,5.049856007249537,5.7899601708972535,5.767206644826908,5.3207918185014575,6.151553560760373,5.455321115357702
SG12-P10_T4,5.049856007249537,6.274762021241939,5.821916254118924,5.606756380846544,6.465764399085846,5.69035945432406
SG12-P16_T2,5.14166355650266,6.042632833682381,5.7871666415904635,5.558028177607699,6.28476995168347,5.766481679353368
SG12-P20_T2,4.948759890378168,5.521460917862246,5.605452683367317,5.469042129576027,7.03580300764774,5.389071729816501
SG12-P04_T1,5.049856007249537,5.7430031878094825,5.8123145950265425,5.14071772581414,5.943885938074533,5.637463402792621
SG12-P09_T1,4.941642422609304,5.521460917862246,5.667625972979561,5.413716901230962,6.997297274367959,5.389071729816501
SG12-P11_T4,5.231108616854587,5.966146739123692,5.87338373353032,5.094122268215391,5.925688296245708,5.579729825986222
SG12-P20_T5,5.049856007249537,5.793013608384144,5.640806839411344,5.042288360462408,5.701039038429803,5.517452896464707
SG12-P04_T2,5.049856007249537,5.579729825986222,5.802436587064223,5.402546863176513,6.180693634730575,5.521460917862246
SG12-P21_T4,4.941642422609304,5.236441962829949,5.277862991270689,4.97562465611319,5.59973347443021,5.311971408631642
SG12-P05_T3,5.049856007249537,6.274762021241939,5.968179459490841,5.708997099380911,6.975714118458836,5.7899601708972535
SG12-P05_T4,5.049856007249537,6.410174881966167,5.947447903414718,5.746195390532511,6.9440501501768095,5.7899601708972535
SG12-P02_T3,5.049856007249537,5.7430031878094825,5.707834288831057,5.178081250455599,5.988868591918521,5.579729825986222
SG12-P21_T1,4.8283137373023015,5.236441962829949,5.2970446139529255,0.011814345784628815,5.4235171272283305,5.231108616854587
SG12-P17_T6,4.700480365792417,5.69035945432406,5.373691225740611,5.03447538057682,7.684119244036907,5.313205979041787
SG12-P10_T2,5.049856007249537,5.883322388488279,5.838678943423576,5.0025396795083905,5.86654968246696,5.69035945432406
SG12-P17_T4,4.820281565605037,5.7430031878094825,5.469214337719645,4.810809410397887,5.999942671317218,5.313205979041787
SG12-P07_T3,4.941642422609304,5.521460917862246,5.604086373293136,4.7200604937555095,5.662055500429682,5.313205979041787
SG12-P02_T4,5.049856007249537,5.883322388488279,5.688733900505918,5.406587724664588,6.221967690016362,5.5360281448932405
SG12-P18_T6,4.8283137373023015,5.583496308781699,5.978157055914819,5.4053106920553455,6.985716719080757,5.455321115357702
SG12-P14_T5,4.948759890378168,5.455321115357702,5.453153712078162,4.886384720896144,5.45186370341367,5.517452896464707
SG12-P11_T6,5.147494476813453,5.7430031878094825,5.896886692858543,5.64193958890967,6.6799014076808465,5.579729825986222
SG12-P19_T3,4.8283137373023015,5.313205979041787,5.639438036094827,5.249015222817089,6.310148012313727,5.231108616854587
SG12-P03_T6,4.8283137373023015,5.926926025970411,5.459008473663815,5.45411821301597,6.284671436936614,5.231108616854587
SG12-P15_T5,5.231108616854587,6.272877006546167,5.727413804129953,5.264736492235176,6.108993885122818,5.6937321388027
SG12-P18_T2,4.8283137373023015,5.7430031878094825,5.525704349393736,5.511292978284958,7.377028092203097,5.455321115357702
SG12-P09_T5,4.941642422609304,5.455321115357702,5.823081534373255,5.435456445504681,7.158469972669889,5.389071729816501
SG12-P13_T3,5.049856007249537,5.966146739123692,5.626870326688735,0.01381846702373678,5.741280422253563,5.579729825986222
SG12-P03_T5,4.8283137373023015,6.003887067106539,5.473920146132934,5.468402083203308,6.213273315189731,5.331028249978613
SG12-P15_T1,5.236441962829949,6.244166900663736,0.00638067174478584,5.469129397079252,6.08658857707924,5.638354669333745
SG12-P13_T1,5.14166355650266,6.302618975744905,5.706910272492025,5.816586937226857,7.594970308352692,5.7430031878094825
SG12-P14_T3,4.941642422609304,5.579729825986222,5.434056520065251,4.9680122300184415,5.573995621497656,5.579729825986222
SG12-P06_T6,5.384495062789089,6.385194398997726,6.058310730892384,5.891298248063646,7.067233679753215,5.966146739123692
SG12-P24_T3,4.948759890378168,5.7430031878094825,5.667833067064791,5.433272094297136,6.301521111752786,5.455321115357702
SG12-P24_T2,4.948759890378168,5.69035945432406,5.4852683982106285,5.2079231904331955,6.484630706384005,5.455321115357702
SG12-P06_T5,5.313205979041787,6.3578422665081,6.698519136330827,5.8864277304947095,6.906360436112484,6.0063531596017325
SG12-P23_T6,5.147494476813453,5.883322388488279,6.180034130416879,5.355589468260453,6.7034393726194965,5.6937321388027
SG12-P23_T1,5.147494476813453,5.924255797414532,6.291633574251484,5.159758569398614,6.4790321687677475,5.638354669333745
SPC15-P04_T4,5.049856007249537,5.384495062789089,6.105475477086257,5.101933984359754,6.19608331321896,5.69035945432406
SPC15-P10_T4,4.941642422609304,4.948759890378168,4.969603175876024,4.806753908750097,5.28094726846531,5.147494476813453
SPC15-P13_T4,4.700480365792417,4.8283137373023015,4.793252419282727,4.34391551910755,5.259294320900429,5.049856007249537
SPC15-P12_T4,4.8283137373023015,4.8283137373023015,5.637250766159987,4.640650964329567,5.828198155835464,5.313205979041787
SPC15-P08_T4,4.941642422609304,5.049856007249537,5.134166788450955,4.877967461281516,5.312916211525964,5.254398396472763
SPC15-P01_T4,4.941642422609304,5.14166355650266,5.304985569715763,4.524747614152994,5.378603522486341,5.313205979041787
SPC15-P14_T4,4.948759890378168,5.147494476813453,5.493637899332631,5.010526464246158,5.60876564912965,5.384495062789089
SPC15-P06_T6,4.8283137373023015,5.147494476813453,5.399049145238765,4.652747283455187,5.521642821325185,5.313205979041787
SPC15-P15_T6,4.6913478822291435,5.455321115357702,5.381860227458825,4.804975629031832,5.978203110089883,5.455321115357702
SPC15-P05_T4,4.941642422609304,5.384495062789089,5.2706631123273615,5.2846225019748365,5.862072930425017,5.6912026254437205
SPC15-P15_T4,4.8283137373023015,5.049856007249537,5.347451933541853,0.009710006465281154,5.535178453863986,5.236441962829949
SPC15-P03_T6,5.049856007249537,5.455321115357702,5.480841146580673,5.522734076031381,6.200708355220858,5.455321115357702
SPC15-P03_T4,5.049856007249537,5.313205979041787,5.4444621540248095,4.897592041137532,5.740103792828377,5.435546772628401
SPC15-P01_T6,4.8283137373023015,6.679599185844383,5.985506956277022,5.421984901617278,7.026444314250721,5.766481679353368
SPC15-P05_T6,4.8283137373023015,5.7430031878094825,5.410675535437786,5.521895881227371,7.112037318802247,5.638354669333745
SPC15-P06_T4,4.941642422609304,5.049856007249537,5.465434341509452,4.839723442680004,6.208071171331293,5.384495062789089
SPC15-P09_T4,4.6913478822291435,5.231108616854587,5.588032055445329,5.263883759614202,6.9658723554751685,5.14166355650266
SPC15-P07_T4,4.941642422609304,5.384495062789089,5.495810854333669,4.9158063095453475,5.588600093540148,5.455321115357702
SPC15-P02_T4,4.948759890378168,5.231108616854587,5.213009339929034,4.966987973288834,5.555805973978479,5.389071729816501
SPC15-P09_T6,4.6913478822291435,6.659293919683638,5.65554280189693,4.58730998371067,5.667880020908113,5.313205979041787
SPC15-P11_T4,4.948759890378168,5.231108616854587,5.316618242347922,5.596773845045519,7.368464315903174,5.313205979041787
SPC15-P14_T6,4.948759890378168,5.7430031878094825,6.560542056554427,5.171614331105271,7.171710676894783,5.638354669333745
ST19-P22_T3,5.8377304471659395,6.5337888379333435,6.237903381484888,0.023179021110270516,5.793094906526454,6.486160788944089
ST19-P31_T2,4.8283137373023015,5.521460917862246,5.49697188395632,4.813732533119964,5.556505262126518,5.384495062789089
ST19-P57_T4,4.8283137373023015,5.521460917862246,6.232728386580043,4.43437158139969,6.016735322238512,5.389071729816501
ST19-P08_T1,4.948759890378168,5.926926025970411,5.693002311858001,5.237019229985056,6.3937015789202025,5.313205979041787
ST19-P01_T4,5.049856007249537,6.042632833682381,6.064145611441461,5.090640746265211,6.307634714122486,5.638354669333745
ST19-P03_T2,4.948759890378168,5.793013608384144,5.822480509938513,5.272061742751265,6.639723504921603,5.583496308781699
ST19-P28_T1,4.543294782270004,5.056245805348308,5.01665828923539,4.677906046921839,5.107125764203845,5.049856007249537
ST19-P02_T3,4.948759890378168,5.968707559985366,5.567663918898393,5.4007040681950755,6.010383103994956,5.521460917862246
ST19-P20_T1,4.948759890378168,5.641907070938114,5.325035299334365,5.007398616550526,6.4487932722697625,5.455321115357702
ST19-P16_T1,4.8283137373023015,5.579729825986222,5.519269424238329,4.998418168665168,7.1090059931238,5.389071729816501
ST19-P23_T2,4.948759890378168,5.966146739123692,5.714701903940234,0.01103431308652793,5.905830937493752,5.583496308781699
ST19-P19_T2,5.049856007249537,5.583496308781699,5.440652994022748,4.945691480747503,6.450174530833321,5.455321115357702
ST19-P07_T2,4.941642422609304,5.583496308781699,5.664291108231938,5.141510032062902,6.03594720912011,5.313205979041787
ST19-P05_T4,5.147494476813453,5.966146739123692,5.985253919488578,5.550488765953463,6.775583992359232,5.69035945432406
ST19-P25_T4,4.948759890378168,6.0063531596017325,5.287114700867581,4.574036400476248,5.818350970681873,5.521460917862246
ST19-P32_T1,4.948759890378168,5.6937321388027,0.006447334906029621,5.037238190325567,5.406839164055411,5.455321115357702
ST19-P09_T4,5.14166355650266,5.7430031878094825,5.751959949137633,5.474219262796868,6.285636629571545,5.583496308781699
ST19-P33_T4,5.056245805348308,5.746203190540153,5.586558725818613,5.252827814885295,5.912416029038443,5.521460917862246
ST19-P06_T3,4.948759890378168,6.045005314036012,5.740532674819483,0.00981097452044204,5.969348901749636,5.579729825986222
ST19-P04_T1,5.056245805348308,5.579729825986222,5.334287583514175,5.418643399982961,6.690472684754358,5.521460917862246
ST19-P26_T3,5.056245805348308,6.214608098422191,5.534468914013781,0.010812580957840273,5.62853979490631,5.744603189174818
ST19-P15_T2,4.948759890378168,5.746203190540153,5.213300998570075,5.4587598762982426,7.101261646803941,5.389071729816501
ST19-P52_T1,5.049856007249537,5.7430031878094825,5.622693924069338,5.471613079206315,6.4492744393268335,5.521460917862246
ST19-P54_T3,5.521460917862246,6.738152494595957,6.214428798358052,5.839906939690805,6.826855621918307,6.081076052736018
ST19-P13_T4,5.147494476813453,5.968707559985366,5.525700654460993,5.262246240645796,6.0469130638412,5.7430031878094825
ST19-P17_T4,5.313205979041787,6.042632833682381,4.545526365057688,3.5154563040774716,6.081142112385434,5.883322388488279
ST19-P10_T3,5.638354669333745,6.246106765481563,6.271509515821741,5.306545079655579,6.445952968650513,6.182084906716632
ST19-P35_T2,5.147494476813453,6.0063531596017325,5.581525092025077,4.789619259744256,6.132740052167746,5.583496308781699
ST19-P11_T2,5.049856007249537,5.638354669333745,5.615943959981282,5.142505911753381,7.033312572502167,5.6937321388027
ST19-P12_T1,5.147494476813453,6.115892125483034,5.508901278938717,5.06281846941476,5.553537888643674,5.521460917862246
ST19-P21_T4,5.056245805348308,6.182084906716632,5.611328973522204,5.397774054467879,6.7152915682935275,5.793013608384144
ST19-P58_T3,4.8283137373023015,5.7430031878094825,5.289596844499936,5.068025190680811,5.588899129440433,5.455321115357702
ST19-P18_T3,5.056245805348308,5.883322388488279,5.7917604778091025,5.335987495490419,6.06296334115596,5.7696083994621485
ST19-P53_T4,5.147494476813453,6.411818267709897,5.857518602098784,5.619586986748536,7.03987809674926,5.886104031450156
ST19-P55_T3,5.313205979041787,5.966146739123692,5.930491853255277,5.691555338442673,6.692048849848305,5.966146739123692
ST19-P37_T4,5.049856007249537,6.2766434893416445,5.533356962904452,6.034118928927592,7.426049481318595,5.459585514144159
ST19-P34_T3,5.049856007249537,5.840641657373398,5.5858348610157,5.463106197445536,6.337676662236051,5.384495062789089
ST19-P29_T4,5.147494476813453,6.115892125483034,5.551169332717656,5.21894325690142,6.217420602919851,5.6937321388027
ST19-P14_T3,5.231108616854587,5.793013608384144,5.7405552749000694,5.56616724673774,6.225587773318859,5.793013608384144
ST19-P30_T3,5.389071729816501,6.182084906716632,5.985260025832652,5.7537555721662255,6.6635669488276115,5.926926025970411
ST19-P24_T1,5.049856007249537,5.926926025970411,5.359934045434912,0.018523385299737034,5.408686556606993,5.459585514144159
